<?xml version="1.0" encoding="UTF-8"?>
<rss version="2.0" xmlns:ror="http://rorweb.com/0.1/" >
<channel>
  <title>ROR Sitemap for https://www.multistrongply.com/</title>
  <link>https://www.multistrongply.com/</link>

<item>
     <link>https://www.multistrongply.com/</link>
     <title>Multi Strong Plywood Manufacturer in Bijnor - multistrongply.com</title>
     <description>Multi Strong Plywood is a leading Plywood Manufacturer in Bijnor. We proudly offer the complete range of plywood used for all type of purposes in affordable prices. Read more info at multistrongply.com</description>
     <ror:updatePeriod></ror:updatePeriod>
     <ror:sortOrder>0</ror:sortOrder>
     <ror:resourceOf>sitemap</ror:resourceOf>
</item>
<item>
     <link>https://www.multistrongply.com/about.html</link>
     <title>About Us - Multi Strong Plywood - multistrongply.com</title>
     <description>Multi Strong Plywood shares the quest for excellence in the Plywood Industry and customer satisfaction has always been its primary goal. Read more info at multistrongply.com</description>
     <ror:updatePeriod></ror:updatePeriod>
     <ror:sortOrder>1</ror:sortOrder>
     <ror:resourceOf>sitemap</ror:resourceOf>
</item>
<item>
     <link>https://www.multistrongply.com/products.html</link>
     <title>Products - Multi Strong Plywood - multistrongply.com</title>
     <description>Multi Strong Plywood is a best Plywood Manufacturer in Bijnor. We are offering the comprehensive range of plywood used for all type of purposes in economical prices. Read more info at multistrongply.com</description>
     <ror:updatePeriod></ror:updatePeriod>
     <ror:sortOrder>1</ror:sortOrder>
     <ror:resourceOf>sitemap</ror:resourceOf>
</item>
<item>
     <link>https://www.multistrongply.com/gallery.html</link>
     <title>Gallery - Multi Strong Plywood - multistrongply.com</title>
     <description>Multi Strong Plywood most promising brand when it comes to Plywood. It is the best choice for industrial requirement, architects and dream projects. Read more info at multistrongply.com</description>
     <ror:updatePeriod></ror:updatePeriod>
     <ror:sortOrder>1</ror:sortOrder>
     <ror:resourceOf>sitemap</ror:resourceOf>
</item>
<item>
     <link>https://www.multistrongply.com/contact.html</link>
     <title>Contact Us - Multi Strong Plywood - multistrongply.com</title>
     <description>Multi Strong Plywood production is initiated through automated technology, ensuring on-time delivery at a cost-effective price. Read more info at multistrongply.com</description>
     <ror:updatePeriod></ror:updatePeriod>
     <ror:sortOrder>1</ror:sortOrder>
     <ror:resourceOf>sitemap</ror:resourceOf>
</item>
<item>
     <link>https://www.multistrongply.com/plywood-uttar-pradesh.html</link>
     <title>Plywood Manufacturer in Uttar Pradesh, India - multistrongply.com</title>
     <description>Multi Strong Plywood is a leading Plywood Manufacturer in Uttar Pradesh. We proudly offer the most extensive range of plywood used for all type of purposes. Read more info at multistrongply.com</description>
     <ror:updatePeriod></ror:updatePeriod>
     <ror:sortOrder>1</ror:sortOrder>
     <ror:resourceOf>sitemap</ror:resourceOf>
</item>
<item>
     <link>https://www.multistrongply.com/plywood-gujarat.html</link>
     <title>Plywood Manufacturer in Gujarat, India - multistrongply.com</title>
     <description>Multi Strong Plywood is a leading Plywood Manufacturer in Gujarat. We proudly offer the most extensive range of plywood used for all type of purposes. Read more info at multistrongply.com</description>
     <ror:updatePeriod></ror:updatePeriod>
     <ror:sortOrder>1</ror:sortOrder>
     <ror:resourceOf>sitemap</ror:resourceOf>
</item>
<item>
     <link>https://www.multistrongply.com/plywood-chhattisgarh.html</link>
     <title>Plywood Manufacturer in Chhattisgarh, India - multistrongply.com</title>
     <description>Multi Strong Plywood is a leading Plywood Manufacturer in Chhattisgarh. We proudly offer the most extensive range of plywood used for all type of purposes. Read more info at multistrongply.com</description>
     <ror:updatePeriod></ror:updatePeriod>
     <ror:sortOrder>1</ror:sortOrder>
     <ror:resourceOf>sitemap</ror:resourceOf>
</item>
<item>
     <link>https://www.multistrongply.com/plywood-jharkhand.html</link>
     <title>Plywood Manufacturer in Jharkhand, India - multistrongply.com</title>
     <description>Multi Strong Plywood is a leading Plywood Manufacturer in Jharkhand. We proudly offer the most extensive range of plywood used for all type of purposes. Read more info at multistrongply.com</description>
     <ror:updatePeriod></ror:updatePeriod>
     <ror:sortOrder>1</ror:sortOrder>
     <ror:resourceOf>sitemap</ror:resourceOf>
</item>
<item>
     <link>https://www.multistrongply.com/plywood-odisha.html</link>
     <title>Plywood Manufacturer in Odisha, India - multistrongply.com</title>
     <description>Multi Strong Plywood is a leading Plywood Manufacturer in Odisha. We proudly offer the most extensive range of plywood used for all type of purposes. Read more info at multistrongply.com</description>
     <ror:updatePeriod></ror:updatePeriod>
     <ror:sortOrder>1</ror:sortOrder>
     <ror:resourceOf>sitemap</ror:resourceOf>
</item>
<item>
     <link>https://www.multistrongply.com/plywood-karnataka.html</link>
     <title>Plywood Manufacturer in Karnataka, India - multistrongply.com</title>
     <description>Multi Strong Plywood is a leading Plywood Manufacturer in Karnataka. We proudly offer the most extensive range of plywood used for all type of purposes. Read more info at multistrongply.com</description>
     <ror:updatePeriod></ror:updatePeriod>
     <ror:sortOrder>1</ror:sortOrder>
     <ror:resourceOf>sitemap</ror:resourceOf>
</item>
<item>
     <link>https://www.multistrongply.com/plywood-andhra-pradesh.html</link>
     <title>Plywood Manufacturer in Andhra Pradesh, India - multistrongply.com</title>
     <description>Multi Strong Plywood is a leading Plywood Manufacturer in Andhra Pradesh. We proudly offer the most extensive range of plywood used for all type of purposes. Read more info at multistrongply.com</description>
     <ror:updatePeriod></ror:updatePeriod>
     <ror:sortOrder>1</ror:sortOrder>
     <ror:resourceOf>sitemap</ror:resourceOf>
</item>
<item>
     <link>https://www.multistrongply.com/plywood-maharashtra.html</link>
     <title>Plywood Manufacturer in Maharashtra, India - multistrongply.com</title>
     <description>Multi Strong Plywood is a leading Plywood Manufacturer in Maharashtra. We proudly offer the most extensive range of plywood used for all type of purposes. Read more info at multistrongply.com</description>
     <ror:updatePeriod></ror:updatePeriod>
     <ror:sortOrder>1</ror:sortOrder>
     <ror:resourceOf>sitemap</ror:resourceOf>
</item>
<item>
     <link>https://www.multistrongply.com/plywood-rajasthan.html</link>
     <title>Plywood Manufacturer in Rajasthan, India - multistrongply.com</title>
     <description>Multi Strong Plywood is a leading Plywood Manufacturer in Rajasthan. We proudly offer the most extensive range of plywood used for all type of purposes. Read more info at multistrongply.com</description>
     <ror:updatePeriod></ror:updatePeriod>
     <ror:sortOrder>1</ror:sortOrder>
     <ror:resourceOf>sitemap</ror:resourceOf>
</item>
<item>
     <link>https://www.multistrongply.com/plywood-telangana.html</link>
     <title>Plywood Manufacturer in Telangana, India - multistrongply.com</title>
     <description>Multi Strong Plywood is a leading Plywood Manufacturer in Telangana. We proudly offer the most extensive range of plywood used for all type of purposes. Read more info at multistrongply.com</description>
     <ror:updatePeriod></ror:updatePeriod>
     <ror:sortOrder>1</ror:sortOrder>
     <ror:resourceOf>sitemap</ror:resourceOf>
</item>
<item>
     <link>https://www.multistrongply.com/plywood-madhya-pradesh.html</link>
     <title>Plywood Manufacturer in Madhya Pradesh, India - multistrongply.com</title>
     <description>Multi Strong Plywood is a leading Plywood Manufacturer in Madhya Pradesh. We proudly offer the most extensive range of plywood used for all type of purposes. Read more info at multistrongply.com</description>
     <ror:updatePeriod></ror:updatePeriod>
     <ror:sortOrder>1</ror:sortOrder>
     <ror:resourceOf>sitemap</ror:resourceOf>
</item>
<item>
     <link>https://www.multistrongply.com/plywood-nepal.html</link>
     <title>Plywood Manufacturer in Nepal, India - multistrongply.com</title>
     <description>Multi Strong Plywood is a leading Plywood Manufacturer in Nepal. We proudly offer the most extensive range of plywood used for all type of purposes. Read more info at multistrongply.com</description>
     <ror:updatePeriod></ror:updatePeriod>
     <ror:sortOrder>1</ror:sortOrder>
     <ror:resourceOf>sitemap</ror:resourceOf>
</item>
<item>
     <link>https://www.multistrongply.com/plywood-bhutan.html</link>
     <title>Plywood Manufacturer in Bhutan, India - multistrongply.com</title>
     <description>Multi Strong Plywood is a leading Plywood Manufacturer in Bhutan. We proudly offer the most extensive range of plywood used for all type of purposes. Read more info at multistrongply.com</description>
     <ror:updatePeriod></ror:updatePeriod>
     <ror:sortOrder>1</ror:sortOrder>
     <ror:resourceOf>sitemap</ror:resourceOf>
</item>
<item>
     <link>https://www.multistrongply.com/plywood-sri-lanka.html</link>
     <title>Plywood Manufacturer in Sri Lanka, India - multistrongply.com</title>
     <description>Multi Strong Plywood is a leading Plywood Manufacturer in Sri Lanka. We proudly offer the most extensive range of plywood used for all type of purposes. Read more info at multistrongply.com</description>
     <ror:updatePeriod></ror:updatePeriod>
     <ror:sortOrder>1</ror:sortOrder>
     <ror:resourceOf>sitemap</ror:resourceOf>
</item>
<item>
     <link>https://www.multistrongply.com/plywood-bangladesh.html</link>
     <title>Plywood Manufacturer in Bangladesh, India - multistrongply.com</title>
     <description>Multi Strong Plywood is a leading Plywood Manufacturer in Bangladesh. We proudly offer the most extensive range of plywood used for all type of purposes. Read more info at multistrongply.com</description>
     <ror:updatePeriod></ror:updatePeriod>
     <ror:sortOrder>1</ror:sortOrder>
     <ror:resourceOf>sitemap</ror:resourceOf>
</item>
<item>
     <link>https://www.multistrongply.com/block-board-uttar-pradesh.html</link>
     <title>Block Board Manufacturer in Uttar Pradesh - multistrongply.com</title>
     <description>Multi Strong Plywood is a leading Block Board Manufacturer in Uttar Pradesh. We proudly offer the most extensive range of block board used for all type of purposes. Read more info at multistrongply.com</description>
     <ror:updatePeriod></ror:updatePeriod>
     <ror:sortOrder>1</ror:sortOrder>
     <ror:resourceOf>sitemap</ror:resourceOf>
</item>
<item>
     <link>https://www.multistrongply.com/block-board-gujarat.html</link>
     <title>Block Board Manufacturer in Gujarat - multistrongply.com</title>
     <description>Multi Strong Plywood is a leading Block Board Manufacturer in Gujarat. We proudly offer the most extensive range of block board used for all type of purposes. Read more info at multistrongply.com</description>
     <ror:updatePeriod></ror:updatePeriod>
     <ror:sortOrder>1</ror:sortOrder>
     <ror:resourceOf>sitemap</ror:resourceOf>
</item>
<item>
     <link>https://www.multistrongply.com/block-board-chhattisgarh.html</link>
     <title>Block Board Manufacturer in Chhattisgarh - multistrongply.com</title>
     <description>Multi Strong Plywood is a leading Block Board Manufacturer in Chhattisgarh. We proudly offer the most extensive range of block board used for all type of purposes. Read more info at multistrongply.com</description>
     <ror:updatePeriod></ror:updatePeriod>
     <ror:sortOrder>1</ror:sortOrder>
     <ror:resourceOf>sitemap</ror:resourceOf>
</item>
<item>
     <link>https://www.multistrongply.com/block-board-jharkhand.html</link>
     <title>Block Board Manufacturer in Jharkhand - multistrongply.com</title>
     <description>Multi Strong Plywood is a leading Block Board Manufacturer in Jharkhand. We proudly offer the most extensive range of block board used for all type of purposes. Read more info at multistrongply.com</description>
     <ror:updatePeriod></ror:updatePeriod>
     <ror:sortOrder>1</ror:sortOrder>
     <ror:resourceOf>sitemap</ror:resourceOf>
</item>
<item>
     <link>https://www.multistrongply.com/block-board-odisha.html</link>
     <title>Block Board Manufacturer in Odisha - multistrongply.com</title>
     <description>Multi Strong Plywood is a leading Block Board Manufacturer in Odisha. We proudly offer the most extensive range of block board used for all type of purposes. Read more info at multistrongply.com</description>
     <ror:updatePeriod></ror:updatePeriod>
     <ror:sortOrder>1</ror:sortOrder>
     <ror:resourceOf>sitemap</ror:resourceOf>
</item>
<item>
     <link>https://www.multistrongply.com/block-board-karnataka.html</link>
     <title>Block Board Manufacturer in Karnataka - multistrongply.com</title>
     <description>Multi Strong Plywood is a leading Block Board Manufacturer in Karnataka. We proudly offer the most extensive range of block board used for all type of purposes. Read more info at multistrongply.com</description>
     <ror:updatePeriod></ror:updatePeriod>
     <ror:sortOrder>1</ror:sortOrder>
     <ror:resourceOf>sitemap</ror:resourceOf>
</item>
<item>
     <link>https://www.multistrongply.com/block-board-andhra-pradesh.html</link>
     <title>Block Board Manufacturer in Andhra Pradesh - multistrongply.com</title>
     <description>Multi Strong Plywood is a leading Block Board Manufacturer in Andhra Pradesh. We proudly offer the most extensive range of block board used for all type of purposes. Read more info at multistrongply.com</description>
     <ror:updatePeriod></ror:updatePeriod>
     <ror:sortOrder>1</ror:sortOrder>
     <ror:resourceOf>sitemap</ror:resourceOf>
</item>
<item>
     <link>https://www.multistrongply.com/block-board-maharashtra.html</link>
     <title>Block Board Manufacturer in Maharashtra - multistrongply.com</title>
     <description>Multi Strong Plywood is a leading Block Board Manufacturer in Maharashtra. We proudly offer the most extensive range of block board used for all type of purposes. Read more info at multistrongply.com</description>
     <ror:updatePeriod></ror:updatePeriod>
     <ror:sortOrder>1</ror:sortOrder>
     <ror:resourceOf>sitemap</ror:resourceOf>
</item>
<item>
     <link>https://www.multistrongply.com/block-board-rajasthan.html</link>
     <title>Block Board Manufacturer in Rajasthan - multistrongply.com</title>
     <description>Multi Strong Plywood is a leading Block Board Manufacturer in Rajasthan. We proudly offer the most extensive range of block board used for all type of purposes. Read more info at multistrongply.com</description>
     <ror:updatePeriod></ror:updatePeriod>
     <ror:sortOrder>1</ror:sortOrder>
     <ror:resourceOf>sitemap</ror:resourceOf>
</item>
<item>
     <link>https://www.multistrongply.com/block-board-telangana.html</link>
     <title>Block Board Manufacturer in Telangana - multistrongply.com</title>
     <description>Multi Strong Plywood is a leading Block Board Manufacturer in Telangana. We proudly offer the most extensive range of block board used for all type of purposes. Read more info at multistrongply.com</description>
     <ror:updatePeriod></ror:updatePeriod>
     <ror:sortOrder>1</ror:sortOrder>
     <ror:resourceOf>sitemap</ror:resourceOf>
</item>
<item>
     <link>https://www.multistrongply.com/block-board-madhya-pradesh.html</link>
     <title>Block Board Manufacturer in Madhya Pradesh - multistrongply.com</title>
     <description>Multi Strong Plywood is a leading Block Board Manufacturer in Madhya Pradesh. We proudly offer the most extensive range of block board used for all type of purposes. Read more info at multistrongply.com</description>
     <ror:updatePeriod></ror:updatePeriod>
     <ror:sortOrder>1</ror:sortOrder>
     <ror:resourceOf>sitemap</ror:resourceOf>
</item>
<item>
     <link>https://www.multistrongply.com/block-board-nepal.html</link>
     <title>Block Board Manufacturer in Nepal - multistrongply.com</title>
     <description>Multi Strong Plywood is a leading Block Board Manufacturer in Nepal. We proudly offer the most extensive range of block board used for all type of purposes. Read more info at multistrongply.com</description>
     <ror:updatePeriod></ror:updatePeriod>
     <ror:sortOrder>1</ror:sortOrder>
     <ror:resourceOf>sitemap</ror:resourceOf>
</item>
<item>
     <link>https://www.multistrongply.com/block-board-bhutan.html</link>
     <title>Block Board Manufacturer in Bhutan - multistrongply.com</title>
     <description>Multi Strong Plywood is a leading Block Board Manufacturer in Bhutan. We proudly offer the most extensive range of block board used for all type of purposes. Read more info at multistrongply.com</description>
     <ror:updatePeriod></ror:updatePeriod>
     <ror:sortOrder>1</ror:sortOrder>
     <ror:resourceOf>sitemap</ror:resourceOf>
</item>
<item>
     <link>https://www.multistrongply.com/block-board-sri-lanka.html</link>
     <title>Block Board Manufacturer in Sri Lanka - multistrongply.com</title>
     <description>Multi Strong Plywood is a leading Block Board Manufacturer in Sri Lanka. We proudly offer the most extensive range of block board used for all type of purposes. Read more info at multistrongply.com</description>
     <ror:updatePeriod></ror:updatePeriod>
     <ror:sortOrder>1</ror:sortOrder>
     <ror:resourceOf>sitemap</ror:resourceOf>
</item>
<item>
     <link>https://www.multistrongply.com/block-board-bangladesh.html</link>
     <title>Block Board Manufacturer in Bangladesh - multistrongply.com</title>
     <description>Multi Strong Plywood is a leading Block Board Manufacturer in Bangladesh. We proudly offer the most extensive range of block board used for all type of purposes. Read more info at multistrongply.com</description>
     <ror:updatePeriod></ror:updatePeriod>
     <ror:sortOrder>1</ror:sortOrder>
     <ror:resourceOf>sitemap</ror:resourceOf>
</item>
<item>
     <link>https://www.multistrongply.com/flush-door-uttar-pradesh.html</link>
     <title>Flush Door Manufacturer in Uttar Pradesh - multistrongply.com</title>
     <description>Multi Strong Plywood is a leading Flush Door Manufacturer in Uttar Pradesh. We proudly offer the most extensive range of flush door used for all type of purposes. Read more info at multistrongply.com</description>
     <ror:updatePeriod></ror:updatePeriod>
     <ror:sortOrder>1</ror:sortOrder>
     <ror:resourceOf>sitemap</ror:resourceOf>
</item>
<item>
     <link>https://www.multistrongply.com/flush-door-gujarat.html</link>
     <title>Flush Door Manufacturer in Gujarat - multistrongply.com</title>
     <description>Multi Strong Plywood is a leading Flush Door Manufacturer in Gujarat. We proudly offer the most extensive range of flush door used for all type of purposes. Read more info at multistrongply.com</description>
     <ror:updatePeriod></ror:updatePeriod>
     <ror:sortOrder>1</ror:sortOrder>
     <ror:resourceOf>sitemap</ror:resourceOf>
</item>
<item>
     <link>https://www.multistrongply.com/flush-door-chhattisgarh.html</link>
     <title>Flush Door Manufacturer in Chhattisgarh - multistrongply.com</title>
     <description>Multi Strong Plywood is a leading Flush Door Manufacturer in Chhattisgarh. We proudly offer the most extensive range of flush door used for all type of purposes. Read more info at multistrongply.com</description>
     <ror:updatePeriod></ror:updatePeriod>
     <ror:sortOrder>1</ror:sortOrder>
     <ror:resourceOf>sitemap</ror:resourceOf>
</item>
<item>
     <link>https://www.multistrongply.com/flush-door-jharkhand.html</link>
     <title>Flush Door Manufacturer in Jharkhand - multistrongply.com</title>
     <description>Multi Strong Plywood is a leading Flush Door Manufacturer in Jharkhand. We proudly offer the most extensive range of flush door used for all type of purposes. Read more info at multistrongply.com</description>
     <ror:updatePeriod></ror:updatePeriod>
     <ror:sortOrder>1</ror:sortOrder>
     <ror:resourceOf>sitemap</ror:resourceOf>
</item>
<item>
     <link>https://www.multistrongply.com/flush-door-odisha.html</link>
     <title>Flush Door Manufacturer in Odisha - multistrongply.com</title>
     <description>Multi Strong Plywood is a leading Flush Door Manufacturer in Odisha. We proudly offer the most extensive range of flush door used for all type of purposes. Read more info at multistrongply.com</description>
     <ror:updatePeriod></ror:updatePeriod>
     <ror:sortOrder>1</ror:sortOrder>
     <ror:resourceOf>sitemap</ror:resourceOf>
</item>
<item>
     <link>https://www.multistrongply.com/flush-door-karnataka.html</link>
     <title>Flush Door Manufacturer in Karnataka - multistrongply.com</title>
     <description>Multi Strong Plywood is a leading Flush Door Manufacturer in Karnataka. We proudly offer the most extensive range of flush door used for all type of purposes. Read more info at multistrongply.com</description>
     <ror:updatePeriod></ror:updatePeriod>
     <ror:sortOrder>1</ror:sortOrder>
     <ror:resourceOf>sitemap</ror:resourceOf>
</item>
<item>
     <link>https://www.multistrongply.com/flush-door-andhra-pradesh.html</link>
     <title>Flush Door Manufacturer in Andhra Pradesh - multistrongply.com</title>
     <description>Multi Strong Plywood is a leading Flush Door Manufacturer in Andhra Pradesh. We proudly offer the most extensive range of flush door used for all type of purposes. Read more info at multistrongply.com</description>
     <ror:updatePeriod></ror:updatePeriod>
     <ror:sortOrder>1</ror:sortOrder>
     <ror:resourceOf>sitemap</ror:resourceOf>
</item>
<item>
     <link>https://www.multistrongply.com/flush-door-maharashtra.html</link>
     <title>Flush Door Manufacturer in Maharashtra - multistrongply.com</title>
     <description>Multi Strong Plywood is a leading Flush Door Manufacturer in Maharashtra. We proudly offer the most extensive range of flush door used for all type of purposes. Read more info at multistrongply.com</description>
     <ror:updatePeriod></ror:updatePeriod>
     <ror:sortOrder>1</ror:sortOrder>
     <ror:resourceOf>sitemap</ror:resourceOf>
</item>
<item>
     <link>https://www.multistrongply.com/flush-door-rajasthan.html</link>
     <title>Flush Door Manufacturer in Rajasthan - multistrongply.com</title>
     <description>Multi Strong Plywood is a leading Flush Door Manufacturer in Rajasthan. We proudly offer the most extensive range of flush door used for all type of purposes. Read more info at multistrongply.com</description>
     <ror:updatePeriod></ror:updatePeriod>
     <ror:sortOrder>1</ror:sortOrder>
     <ror:resourceOf>sitemap</ror:resourceOf>
</item>
<item>
     <link>https://www.multistrongply.com/flush-door-telangana.html</link>
     <title>Flush Door Manufacturer in Telangana - multistrongply.com</title>
     <description>Multi Strong Plywood is a leading Flush Door Manufacturer in Telangana. We proudly offer the most extensive range of flush door used for all type of purposes. Read more info at multistrongply.com</description>
     <ror:updatePeriod></ror:updatePeriod>
     <ror:sortOrder>1</ror:sortOrder>
     <ror:resourceOf>sitemap</ror:resourceOf>
</item>
<item>
     <link>https://www.multistrongply.com/flush-door-madhya-pradesh.html</link>
     <title>Flush Door Manufacturer in Madhya Pradesh - multistrongply.com</title>
     <description>Multi Strong Plywood is a leading Flush Door Manufacturer in Madhya Pradesh. We proudly offer the most extensive range of flush door used for all type of purposes. Read more info at multistrongply.com</description>
     <ror:updatePeriod></ror:updatePeriod>
     <ror:sortOrder>1</ror:sortOrder>
     <ror:resourceOf>sitemap</ror:resourceOf>
</item>
<item>
     <link>https://www.multistrongply.com/flush-door-nepal.html</link>
     <title>Flush Door Manufacturer in Nepal - multistrongply.com</title>
     <description>Multi Strong Plywood is a leading Flush Door Manufacturer in Nepal. We proudly offer the most extensive range of flush door used for all type of purposes. Read more info at multistrongply.com</description>
     <ror:updatePeriod></ror:updatePeriod>
     <ror:sortOrder>1</ror:sortOrder>
     <ror:resourceOf>sitemap</ror:resourceOf>
</item>
<item>
     <link>https://www.multistrongply.com/flush-door-bhutan.html</link>
     <title>Flush Door Manufacturer in Bhutan - multistrongply.com</title>
     <description>Multi Strong Plywood is a leading Flush Door Manufacturer in Bhutan. We proudly offer the most extensive range of flush door used for all type of purposes. Read more info at multistrongply.com</description>
     <ror:updatePeriod></ror:updatePeriod>
     <ror:sortOrder>1</ror:sortOrder>
     <ror:resourceOf>sitemap</ror:resourceOf>
</item>
<item>
     <link>https://www.multistrongply.com/flush-door-sri-lanka.html</link>
     <title>Flush Door Manufacturer in Sri Lanka - multistrongply.com</title>
     <description>Multi Strong Plywood is a leading Flush Door Manufacturer in Sri Lanka. We proudly offer the most extensive range of flush door used for all type of purposes. Read more info at multistrongply.com</description>
     <ror:updatePeriod></ror:updatePeriod>
     <ror:sortOrder>1</ror:sortOrder>
     <ror:resourceOf>sitemap</ror:resourceOf>
</item>
<item>
     <link>https://www.multistrongply.com/flush-door-bangladesh.html</link>
     <title>Flush Door Manufacturer in Bangladesh - multistrongply.com</title>
     <description>Multi Strong Plywood is a leading Flush Door Manufacturer in Bangladesh. We proudly offer the most extensive range of flush door used for all type of purposes. Read more info at multistrongply.com</description>
     <ror:updatePeriod></ror:updatePeriod>
     <ror:sortOrder>1</ror:sortOrder>
     <ror:resourceOf>sitemap</ror:resourceOf>
</item>
<item>
     <link>https://www.multistrongply.com/shuttering-plywood-uttar-pradesh.html</link>
     <title>Shuttering Plywood Manufacturer in Uttar Pradesh - multistrongply.com</title>
     <description>Multi Strong Plywood is a leading Shuttering Plywood Manufacturer in Uttar Pradesh. We proudly offer the most extensive range of shuttering plywood used for all type of purposes. Read more info at multistrongply.com</description>
     <ror:updatePeriod></ror:updatePeriod>
     <ror:sortOrder>1</ror:sortOrder>
     <ror:resourceOf>sitemap</ror:resourceOf>
</item>
<item>
     <link>https://www.multistrongply.com/shuttering-plywood-gujarat.html</link>
     <title>Shuttering Plywood Manufacturer in Gujarat - multistrongply.com</title>
     <description>Multi Strong Plywood is a leading Shuttering Plywood Manufacturer in Gujarat. We proudly offer the most extensive range of shuttering plywood used for all type of purposes. Read more info at multistrongply.com</description>
     <ror:updatePeriod></ror:updatePeriod>
     <ror:sortOrder>1</ror:sortOrder>
     <ror:resourceOf>sitemap</ror:resourceOf>
</item>
<item>
     <link>https://www.multistrongply.com/shuttering-plywood-chhattisgarh.html</link>
     <title>Shuttering Plywood Manufacturer in Chhattisgarh - multistrongply.com</title>
     <description>Multi Strong Plywood is a leading Shuttering Plywood Manufacturer in Chhattisgarh. We proudly offer the most extensive range of shuttering plywood used for all type of purposes. Read more info at multistrongply.com</description>
     <ror:updatePeriod></ror:updatePeriod>
     <ror:sortOrder>1</ror:sortOrder>
     <ror:resourceOf>sitemap</ror:resourceOf>
</item>
<item>
     <link>https://www.multistrongply.com/shuttering-plywood-jharkhand.html</link>
     <title>Shuttering Plywood Manufacturer in Jharkhand - multistrongply.com</title>
     <description>Multi Strong Plywood is a leading Shuttering Plywood Manufacturer in Jharkhand. We proudly offer the most extensive range of shuttering plywood used for all type of purposes. Read more info at multistrongply.com</description>
     <ror:updatePeriod></ror:updatePeriod>
     <ror:sortOrder>1</ror:sortOrder>
     <ror:resourceOf>sitemap</ror:resourceOf>
</item>
<item>
     <link>https://www.multistrongply.com/shuttering-plywood-odisha.html</link>
     <title>Shuttering Plywood Manufacturer in Odisha - multistrongply.com</title>
     <description>Multi Strong Plywood is a leading Shuttering Plywood Manufacturer in Odisha. We proudly offer the most extensive range of shuttering plywood used for all type of purposes. Read more info at multistrongply.com</description>
     <ror:updatePeriod></ror:updatePeriod>
     <ror:sortOrder>1</ror:sortOrder>
     <ror:resourceOf>sitemap</ror:resourceOf>
</item>
<item>
     <link>https://www.multistrongply.com/shuttering-plywood-karnataka.html</link>
     <title>Shuttering Plywood Manufacturer in Karnataka - multistrongply.com</title>
     <description>Multi Strong Plywood is a leading Shuttering Plywood Manufacturer in Karnataka. We proudly offer the most extensive range of shuttering plywood used for all type of purposes. Read more info at multistrongply.com</description>
     <ror:updatePeriod></ror:updatePeriod>
     <ror:sortOrder>1</ror:sortOrder>
     <ror:resourceOf>sitemap</ror:resourceOf>
</item>
<item>
     <link>https://www.multistrongply.com/shuttering-plywood-andhra-pradesh.html</link>
     <title>Shuttering Plywood Manufacturer in Andhra Pradesh - multistrongply.com</title>
     <description>Multi Strong Plywood is a leading Shuttering Plywood Manufacturer in Andhra Pradesh. We proudly offer the most extensive range of shuttering plywood used for all type of purposes. Read more info at multistrongply.com</description>
     <ror:updatePeriod></ror:updatePeriod>
     <ror:sortOrder>1</ror:sortOrder>
     <ror:resourceOf>sitemap</ror:resourceOf>
</item>
<item>
     <link>https://www.multistrongply.com/shuttering-plywood-maharashtra.html</link>
     <title>Shuttering Plywood Manufacturer in Maharashtra - multistrongply.com</title>
     <description>Multi Strong Plywood is a leading Shuttering Plywood Manufacturer in Maharashtra. We proudly offer the most extensive range of shuttering plywood used for all type of purposes. Read more info at multistrongply.com</description>
     <ror:updatePeriod></ror:updatePeriod>
     <ror:sortOrder>1</ror:sortOrder>
     <ror:resourceOf>sitemap</ror:resourceOf>
</item>
<item>
     <link>https://www.multistrongply.com/shuttering-plywood-rajasthan.html</link>
     <title>Shuttering Plywood Manufacturer in Rajasthan - multistrongply.com</title>
     <description>Multi Strong Plywood is a leading Shuttering Plywood Manufacturer in Rajasthan. We proudly offer the most extensive range of shuttering plywood used for all type of purposes. Read more info at multistrongply.com</description>
     <ror:updatePeriod></ror:updatePeriod>
     <ror:sortOrder>1</ror:sortOrder>
     <ror:resourceOf>sitemap</ror:resourceOf>
</item>
<item>
     <link>https://www.multistrongply.com/shuttering-plywood-telangana.html</link>
     <title>Shuttering Plywood Manufacturer in Telangana - multistrongply.com</title>
     <description>Multi Strong Plywood is a leading Shuttering Plywood Manufacturer in Telangana. We proudly offer the most extensive range of shuttering plywood used for all type of purposes. Read more info at multistrongply.com</description>
     <ror:updatePeriod></ror:updatePeriod>
     <ror:sortOrder>1</ror:sortOrder>
     <ror:resourceOf>sitemap</ror:resourceOf>
</item>
<item>
     <link>https://www.multistrongply.com/shuttering-plywood-madhya-pradesh.html</link>
     <title>Shuttering Plywood Manufacturer in Madhya Pradesh - multistrongply.com</title>
     <description>Multi Strong Plywood is a leading Shuttering Plywood Manufacturer in Madhya Pradesh. We proudly offer the most extensive range of shuttering plywood used for all type of purposes. Read more info at multistrongply.com</description>
     <ror:updatePeriod></ror:updatePeriod>
     <ror:sortOrder>1</ror:sortOrder>
     <ror:resourceOf>sitemap</ror:resourceOf>
</item>
<item>
     <link>https://www.multistrongply.com/shuttering-plywood-nepal.html</link>
     <title>Shuttering Plywood Manufacturer in Nepal - multistrongply.com</title>
     <description>Multi Strong Plywood is a leading Shuttering Plywood Manufacturer in Nepal. We proudly offer the most extensive range of shuttering plywood used for all type of purposes. Read more info at multistrongply.com</description>
     <ror:updatePeriod></ror:updatePeriod>
     <ror:sortOrder>1</ror:sortOrder>
     <ror:resourceOf>sitemap</ror:resourceOf>
</item>
<item>
     <link>https://www.multistrongply.com/shuttering-plywood-bhutan.html</link>
     <title>Shuttering Plywood Manufacturer in Bhutan - multistrongply.com</title>
     <description>Multi Strong Plywood is a leading Shuttering Plywood Manufacturer in Bhutan. We proudly offer the most extensive range of shuttering plywood used for all type of purposes. Read more info at multistrongply.com</description>
     <ror:updatePeriod></ror:updatePeriod>
     <ror:sortOrder>1</ror:sortOrder>
     <ror:resourceOf>sitemap</ror:resourceOf>
</item>
<item>
     <link>https://www.multistrongply.com/shuttering-plywood-sri-lanka.html</link>
     <title>Shuttering Plywood Manufacturer in Sri Lanka - multistrongply.com</title>
     <description>Multi Strong Plywood is a leading Shuttering Plywood Manufacturer in Sri Lanka. We proudly offer the most extensive range of shuttering plywood used for all type of purposes. Read more info at multistrongply.com</description>
     <ror:updatePeriod></ror:updatePeriod>
     <ror:sortOrder>1</ror:sortOrder>
     <ror:resourceOf>sitemap</ror:resourceOf>
</item>
<item>
     <link>https://www.multistrongply.com/shuttering-plywood-bangladesh.html</link>
     <title>Shuttering Plywood Manufacturer in Bangladesh - multistrongply.com</title>
     <description>Multi Strong Plywood is a leading Shuttering Plywood Manufacturer in Bangladesh. We proudly offer the most extensive range of shuttering plywood used for all type of purposes. Read more info at multistrongply.com</description>
     <ror:updatePeriod></ror:updatePeriod>
     <ror:sortOrder>1</ror:sortOrder>
     <ror:resourceOf>sitemap</ror:resourceOf>
</item>
<item>
     <link>https://www.multistrongply.com/membrane-door-uttar-pradesh.html</link>
     <title>Membrane Door Manufacturer in Uttar Pradesh - multistrongply.com</title>
     <description>Multi Strong Plywood is a leading Membrane Door Manufacturer in Uttar Pradesh. We proudly offer the most extensive range of membrane door used for all type of purposes. Read more info at multistrongply.com</description>
     <ror:updatePeriod></ror:updatePeriod>
     <ror:sortOrder>1</ror:sortOrder>
     <ror:resourceOf>sitemap</ror:resourceOf>
</item>
<item>
     <link>https://www.multistrongply.com/membrane-door-gujarat.html</link>
     <title>Membrane Door Manufacturer in Gujarat - multistrongply.com</title>
     <description>Multi Strong Plywood is a leading Membrane Door Manufacturer in Gujarat. We proudly offer the most extensive range of membrane door used for all type of purposes. Read more info at multistrongply.com</description>
     <ror:updatePeriod></ror:updatePeriod>
     <ror:sortOrder>1</ror:sortOrder>
     <ror:resourceOf>sitemap</ror:resourceOf>
</item>
<item>
     <link>https://www.multistrongply.com/membrane-door-chhattisgarh.html</link>
     <title>Membrane Door Manufacturer in Chhattisgarh - multistrongply.com</title>
     <description>Multi Strong Plywood is a leading Membrane Door Manufacturer in Chhattisgarh. We proudly offer the most extensive range of membrane door used for all type of purposes. Read more info at multistrongply.com</description>
     <ror:updatePeriod></ror:updatePeriod>
     <ror:sortOrder>1</ror:sortOrder>
     <ror:resourceOf>sitemap</ror:resourceOf>
</item>
<item>
     <link>https://www.multistrongply.com/membrane-door-jharkhand.html</link>
     <title>Membrane Door Manufacturer in Jharkhand - multistrongply.com</title>
     <description>Multi Strong Plywood is a leading Membrane Door Manufacturer in Jharkhand. We proudly offer the most extensive range of membrane door used for all type of purposes. Read more info at multistrongply.com</description>
     <ror:updatePeriod></ror:updatePeriod>
     <ror:sortOrder>1</ror:sortOrder>
     <ror:resourceOf>sitemap</ror:resourceOf>
</item>
<item>
     <link>https://www.multistrongply.com/membrane-door-odisha.html</link>
     <title>Membrane Door Manufacturer in Odisha - multistrongply.com</title>
     <description>Multi Strong Plywood is a leading Membrane Door Manufacturer in Odisha. We proudly offer the most extensive range of membrane door used for all type of purposes. Read more info at multistrongply.com</description>
     <ror:updatePeriod></ror:updatePeriod>
     <ror:sortOrder>1</ror:sortOrder>
     <ror:resourceOf>sitemap</ror:resourceOf>
</item>
<item>
     <link>https://www.multistrongply.com/membrane-door-karnataka.html</link>
     <title>Membrane Door Manufacturer in Karnataka - multistrongply.com</title>
     <description>Multi Strong Plywood is a leading Membrane Door Manufacturer in Karnataka. We proudly offer the most extensive range of membrane door used for all type of purposes. Read more info at multistrongply.com</description>
     <ror:updatePeriod></ror:updatePeriod>
     <ror:sortOrder>1</ror:sortOrder>
     <ror:resourceOf>sitemap</ror:resourceOf>
</item>
<item>
     <link>https://www.multistrongply.com/membrane-door-andhra-pradesh.html</link>
     <title>Membrane Door Manufacturer in Andhra Pradesh - multistrongply.com</title>
     <description>Multi Strong Plywood is a leading Membrane Door Manufacturer in Andhra Pradesh. We proudly offer the most extensive range of membrane door used for all type of purposes. Read more info at multistrongply.com</description>
     <ror:updatePeriod></ror:updatePeriod>
     <ror:sortOrder>1</ror:sortOrder>
     <ror:resourceOf>sitemap</ror:resourceOf>
</item>
<item>
     <link>https://www.multistrongply.com/membrane-door-maharashtra.html</link>
     <title>Membrane Door Manufacturer in Maharashtra - multistrongply.com</title>
     <description>Multi Strong Plywood is a leading Membrane Door Manufacturer in Maharashtra. We proudly offer the most extensive range of membrane door used for all type of purposes. Read more info at multistrongply.com</description>
     <ror:updatePeriod></ror:updatePeriod>
     <ror:sortOrder>1</ror:sortOrder>
     <ror:resourceOf>sitemap</ror:resourceOf>
</item>
<item>
     <link>https://www.multistrongply.com/membrane-door-rajasthan.html</link>
     <title>Membrane Door Manufacturer in Rajasthan - multistrongply.com</title>
     <description>Multi Strong Plywood is a leading Membrane Door Manufacturer in Rajasthan. We proudly offer the most extensive range of membrane door used for all type of purposes. Read more info at multistrongply.com</description>
     <ror:updatePeriod></ror:updatePeriod>
     <ror:sortOrder>1</ror:sortOrder>
     <ror:resourceOf>sitemap</ror:resourceOf>
</item>
<item>
     <link>https://www.multistrongply.com/membrane-door-telangana.html</link>
     <title>Membrane Door Manufacturer in Telangana - multistrongply.com</title>
     <description>Multi Strong Plywood is a leading Membrane Door Manufacturer in Telangana. We proudly offer the most extensive range of membrane door used for all type of purposes. Read more info at multistrongply.com</description>
     <ror:updatePeriod></ror:updatePeriod>
     <ror:sortOrder>1</ror:sortOrder>
     <ror:resourceOf>sitemap</ror:resourceOf>
</item>
<item>
     <link>https://www.multistrongply.com/membrane-door-madhya-pradesh.html</link>
     <title>Membrane Door Manufacturer in Madhya Pradesh - multistrongply.com</title>
     <description>Multi Strong Plywood is a leading Membrane Door Manufacturer in Madhya Pradesh. We proudly offer the most extensive range of membrane door used for all type of purposes. Read more info at multistrongply.com</description>
     <ror:updatePeriod></ror:updatePeriod>
     <ror:sortOrder>1</ror:sortOrder>
     <ror:resourceOf>sitemap</ror:resourceOf>
</item>
<item>
     <link>https://www.multistrongply.com/membrane-door-nepal.html</link>
     <title>Membrane Door Manufacturer in Nepal - multistrongply.com</title>
     <description>Multi Strong Plywood is a leading Membrane Door Manufacturer in Nepal. We proudly offer the most extensive range of membrane door used for all type of purposes. Read more info at multistrongply.com</description>
     <ror:updatePeriod></ror:updatePeriod>
     <ror:sortOrder>1</ror:sortOrder>
     <ror:resourceOf>sitemap</ror:resourceOf>
</item>
<item>
     <link>https://www.multistrongply.com/membrane-door-bhutan.html</link>
     <title>Membrane Door Manufacturer in Bhutan - multistrongply.com</title>
     <description>Multi Strong Plywood is a leading Membrane Door Manufacturer in Bhutan. We proudly offer the most extensive range of membrane door used for all type of purposes. Read more info at multistrongply.com</description>
     <ror:updatePeriod></ror:updatePeriod>
     <ror:sortOrder>1</ror:sortOrder>
     <ror:resourceOf>sitemap</ror:resourceOf>
</item>
<item>
     <link>https://www.multistrongply.com/membrane-door-sri-lanka.html</link>
     <title>Membrane Door Manufacturer in Sri Lanka - multistrongply.com</title>
     <description>Multi Strong Plywood is a leading Membrane Door Manufacturer in Sri Lanka. We proudly offer the most extensive range of membrane door used for all type of purposes. Read more info at multistrongply.com</description>
     <ror:updatePeriod></ror:updatePeriod>
     <ror:sortOrder>1</ror:sortOrder>
     <ror:resourceOf>sitemap</ror:resourceOf>
</item>
<item>
     <link>https://www.multistrongply.com/membrane-door-bangladesh.html</link>
     <title>Membrane Door Manufacturer in Bangladesh - multistrongply.com</title>
     <description>Multi Strong Plywood is a leading Membrane Door Manufacturer in Bangladesh. We proudly offer the most extensive range of membrane door used for all type of purposes. Read more info at multistrongply.com</description>
     <ror:updatePeriod></ror:updatePeriod>
     <ror:sortOrder>1</ror:sortOrder>
     <ror:resourceOf>sitemap</ror:resourceOf>
</item>
<item>
     <link>https://www.multistrongply.com/film-faced-plywood-uttar-pradesh.html</link>
     <title>Film Faced Plywood Manufacturer in Uttar Pradesh - multistrongply.com</title>
     <description>Multi Strong Plywood is a leading Film Faced Plywood Manufacturer in Uttar Pradesh. We proudly offer the most extensive range of shuttering plywood used for all type of purposes. Read more info at multistrongply.com</description>
     <ror:updatePeriod></ror:updatePeriod>
     <ror:sortOrder>1</ror:sortOrder>
     <ror:resourceOf>sitemap</ror:resourceOf>
</item>
<item>
     <link>https://www.multistrongply.com/film-faced-plywood-gujarat.html</link>
     <title>Film Faced Plywood Manufacturer in Gujarat - multistrongply.com</title>
     <description>Multi Strong Plywood is a leading Film Faced Plywood Manufacturer in Gujarat. We proudly offer the most extensive range of shuttering plywood used for all type of purposes. Read more info at multistrongply.com</description>
     <ror:updatePeriod></ror:updatePeriod>
     <ror:sortOrder>1</ror:sortOrder>
     <ror:resourceOf>sitemap</ror:resourceOf>
</item>
<item>
     <link>https://www.multistrongply.com/film-faced-plywood-chhattisgarh.html</link>
     <title>Film Faced Plywood Manufacturer in Chhattisgarh - multistrongply.com</title>
     <description>Multi Strong Plywood is a leading Film Faced Plywood Manufacturer in Chhattisgarh. We proudly offer the most extensive range of shuttering plywood used for all type of purposes. Read more info at multistrongply.com</description>
     <ror:updatePeriod></ror:updatePeriod>
     <ror:sortOrder>1</ror:sortOrder>
     <ror:resourceOf>sitemap</ror:resourceOf>
</item>
<item>
     <link>https://www.multistrongply.com/film-faced-plywood-jharkhand.html</link>
     <title>Film Faced Plywood Manufacturer in Jharkhand - multistrongply.com</title>
     <description>Multi Strong Plywood is a leading Film Faced Plywood Manufacturer in Jharkhand. We proudly offer the most extensive range of shuttering plywood used for all type of purposes. Read more info at multistrongply.com</description>
     <ror:updatePeriod></ror:updatePeriod>
     <ror:sortOrder>1</ror:sortOrder>
     <ror:resourceOf>sitemap</ror:resourceOf>
</item>
<item>
     <link>https://www.multistrongply.com/film-faced-plywood-odisha.html</link>
     <title>Film Faced Plywood Manufacturer in Odisha - multistrongply.com</title>
     <description>Multi Strong Plywood is a leading Film Faced Plywood Manufacturer in Odisha. We proudly offer the most extensive range of shuttering plywood used for all type of purposes. Read more info at multistrongply.com</description>
     <ror:updatePeriod></ror:updatePeriod>
     <ror:sortOrder>1</ror:sortOrder>
     <ror:resourceOf>sitemap</ror:resourceOf>
</item>
<item>
     <link>https://www.multistrongply.com/film-faced-plywood-karnataka.html</link>
     <title>Film Faced Plywood Manufacturer in Karnataka - multistrongply.com</title>
     <description>Multi Strong Plywood is a leading Film Faced Plywood Manufacturer in Karnataka. We proudly offer the most extensive range of shuttering plywood used for all type of purposes. Read more info at multistrongply.com</description>
     <ror:updatePeriod></ror:updatePeriod>
     <ror:sortOrder>1</ror:sortOrder>
     <ror:resourceOf>sitemap</ror:resourceOf>
</item>
<item>
     <link>https://www.multistrongply.com/film-faced-plywood-andhra-pradesh.html</link>
     <title>Film Faced Plywood Manufacturer in Andhra Pradesh - multistrongply.com</title>
     <description>Multi Strong Plywood is a leading Film Faced Plywood Manufacturer in Andhra Pradesh. We proudly offer the most extensive range of shuttering plywood used for all type of purposes. Read more info at multistrongply.com</description>
     <ror:updatePeriod></ror:updatePeriod>
     <ror:sortOrder>1</ror:sortOrder>
     <ror:resourceOf>sitemap</ror:resourceOf>
</item>
<item>
     <link>https://www.multistrongply.com/film-faced-plywood-maharashtra.html</link>
     <title>Film Faced Plywood Manufacturer in Maharashtra - multistrongply.com</title>
     <description>Multi Strong Plywood is a leading Film Faced Plywood Manufacturer in Maharashtra. We proudly offer the most extensive range of shuttering plywood used for all type of purposes. Read more info at multistrongply.com</description>
     <ror:updatePeriod></ror:updatePeriod>
     <ror:sortOrder>1</ror:sortOrder>
     <ror:resourceOf>sitemap</ror:resourceOf>
</item>
<item>
     <link>https://www.multistrongply.com/film-faced-plywood-rajasthan.html</link>
     <title>Film Faced Plywood Manufacturer in Rajasthan - multistrongply.com</title>
     <description>Multi Strong Plywood is a leading Film Faced Plywood Manufacturer in Rajasthan. We proudly offer the most extensive range of shuttering plywood used for all type of purposes. Read more info at multistrongply.com</description>
     <ror:updatePeriod></ror:updatePeriod>
     <ror:sortOrder>1</ror:sortOrder>
     <ror:resourceOf>sitemap</ror:resourceOf>
</item>
<item>
     <link>https://www.multistrongply.com/film-faced-plywood-telangana.html</link>
     <title>Film Faced Plywood Manufacturer in Telangana - multistrongply.com</title>
     <description>Multi Strong Plywood is a leading Film Faced Plywood Manufacturer in Telangana. We proudly offer the most extensive range of shuttering plywood used for all type of purposes. Read more info at multistrongply.com</description>
     <ror:updatePeriod></ror:updatePeriod>
     <ror:sortOrder>1</ror:sortOrder>
     <ror:resourceOf>sitemap</ror:resourceOf>
</item>
<item>
     <link>https://www.multistrongply.com/film-faced-plywood-madhya-pradesh.html</link>
     <title>Film Faced Plywood Manufacturer in Madhya Pradesh - multistrongply.com</title>
     <description>Multi Strong Plywood is a leading Film Faced Plywood Manufacturer in Madhya Pradesh. We proudly offer the most extensive range of shuttering plywood used for all type of purposes. Read more info at multistrongply.com</description>
     <ror:updatePeriod></ror:updatePeriod>
     <ror:sortOrder>1</ror:sortOrder>
     <ror:resourceOf>sitemap</ror:resourceOf>
</item>
<item>
     <link>https://www.multistrongply.com/film-faced-plywood-nepal.html</link>
     <title>Film Faced Plywood Manufacturer in Nepal - multistrongply.com</title>
     <description>Multi Strong Plywood is a leading Film Faced Plywood Manufacturer in Nepal. We proudly offer the most extensive range of shuttering plywood used for all type of purposes. Read more info at multistrongply.com</description>
     <ror:updatePeriod></ror:updatePeriod>
     <ror:sortOrder>1</ror:sortOrder>
     <ror:resourceOf>sitemap</ror:resourceOf>
</item>
<item>
     <link>https://www.multistrongply.com/film-faced-plywood-bhutan.html</link>
     <title>Film Faced Plywood Manufacturer in Bhutan - multistrongply.com</title>
     <description>Multi Strong Plywood is a leading Film Faced Plywood Manufacturer in Bhutan. We proudly offer the most extensive range of shuttering plywood used for all type of purposes. Read more info at multistrongply.com</description>
     <ror:updatePeriod></ror:updatePeriod>
     <ror:sortOrder>1</ror:sortOrder>
     <ror:resourceOf>sitemap</ror:resourceOf>
</item>
<item>
     <link>https://www.multistrongply.com/film-faced-plywood-sri-lanka.html</link>
     <title>Film Faced Plywood Manufacturer in Sri Lanka - multistrongply.com</title>
     <description>Multi Strong Plywood is a leading Film Faced Plywood Manufacturer in Sri Lanka. We proudly offer the most extensive range of shuttering plywood used for all type of purposes. Read more info at multistrongply.com</description>
     <ror:updatePeriod></ror:updatePeriod>
     <ror:sortOrder>1</ror:sortOrder>
     <ror:resourceOf>sitemap</ror:resourceOf>
</item>
<item>
     <link>https://www.multistrongply.com/film-faced-plywood-bangladesh.html</link>
     <title>Film Faced Plywood Manufacturer in Bangladesh - multistrongply.com</title>
     <description>Multi Strong Plywood is a leading Film Faced Plywood Manufacturer in Bangladesh. We proudly offer the most extensive range of shuttering plywood used for all type of purposes. Read more info at multistrongply.com</description>
     <ror:updatePeriod></ror:updatePeriod>
     <ror:sortOrder>1</ror:sortOrder>
     <ror:resourceOf>sitemap</ror:resourceOf>
</item>
<item>
     <link>https://www.multistrongply.com/plywood.html</link>
     <title>Plywood Manufacturer in Bijnor, UP - multistrongply.com</title>
     <description>Multi Strong Plywood is a leading Plywood Manufacturer in Bijnor. We proudly offer the most extensive range of plywood used for all type of purposes. Read more info at multistrongply.com</description>
     <ror:updatePeriod></ror:updatePeriod>
     <ror:sortOrder>2</ror:sortOrder>
     <ror:resourceOf>sitemap</ror:resourceOf>
</item>
<item>
     <link>https://www.multistrongply.com/marine-plywood.html</link>
     <title>Marine Plywood Manufacturer in Bijnor, UP - multistrongply.com</title>
     <description>Multi Strong Plywood is a leading Marine Plywood Manufacturer in Bijnor. We proudly offer the most extensive range of marine plywood used for all type of purposes. Read more info at multistrongply.com</description>
     <ror:updatePeriod></ror:updatePeriod>
     <ror:sortOrder>2</ror:sortOrder>
     <ror:resourceOf>sitemap</ror:resourceOf>
</item>
<item>
     <link>https://www.multistrongply.com/flush-door.html</link>
     <title>Flush Door Manufacturer in Bijnor, UP - multistrongply.com</title>
     <description>Multi Strong Plywood is a leading Flush Door Manufacturer in Bijnor. We proudly offer the most extensive range of flush door used for all type of purposes. Read more info at multistrongply.com</description>
     <ror:updatePeriod></ror:updatePeriod>
     <ror:sortOrder>2</ror:sortOrder>
     <ror:resourceOf>sitemap</ror:resourceOf>
</item>
<item>
     <link>https://www.multistrongply.com/membrane-door.html</link>
     <title>Membrane Door Manufacturer in Bijnor, UP - multistrongply.com</title>
     <description>Multi Strong Plywood is a leading Membrane Door Manufacturer in Bijnor. We proudly offer the most extensive range of membrane door used for all type of purposes. Read more info at multistrongply.com</description>
     <ror:updatePeriod></ror:updatePeriod>
     <ror:sortOrder>2</ror:sortOrder>
     <ror:resourceOf>sitemap</ror:resourceOf>
</item>
<item>
     <link>https://www.multistrongply.com/block-board.html</link>
     <title>Block Board Manufacturer in Bijnor, UP - multistrongply.com</title>
     <description>Multi Strong Plywood is a leading Block Board Manufacturer in Bijnor. We proudly offer the most extensive range of block board used for all type of purposes. Read more info at multistrongply.com</description>
     <ror:updatePeriod></ror:updatePeriod>
     <ror:sortOrder>2</ror:sortOrder>
     <ror:resourceOf>sitemap</ror:resourceOf>
</item>
<item>
     <link>https://www.multistrongply.com/shuttering-plywood.html</link>
     <title>Shuttering Plywood Manufacturer in Bijnor, UP - multistrongply.com</title>
     <description>Multi Strong Plywood is a leading Shuttering Plywood Manufacturer in Bijnor. We proudly offer the most extensive range of shuttering plywood used for all type of purposes. Read more info at multistrongply.com</description>
     <ror:updatePeriod></ror:updatePeriod>
     <ror:sortOrder>2</ror:sortOrder>
     <ror:resourceOf>sitemap</ror:resourceOf>
</item>
<item>
     <link>https://www.multistrongply.com/film-faced-plywood.html</link>
     <title>Film Faced Plywood Manufacturer in Bijnor, UP - multistrongply.com</title>
     <description>Multi Strong Plywood is a leading Film Faced Plywood Manufacturer in Bijnor. We proudly offer the most extensive range of film faced plywood used for all type of purposes. Read more info at multistrongply.com</description>
     <ror:updatePeriod></ror:updatePeriod>
     <ror:sortOrder>2</ror:sortOrder>
     <ror:resourceOf>sitemap</ror:resourceOf>
</item>
</channel>
</rss>
  